Entity ID,Beginning  Date,Ending Date,EPSG,Projection File,Map Projection Description,State/Province/Country,Datum,Dataset,Projection Zone,Sensor,Sensor Type,Number of Bands,Vendor,Resolution,Units of Resolution,Image Name,Agency,Dataset Size,Center Latitude,Center Longitude,NW Corner Lat,NW Corner Long,NE Corner Lat,NE Corner Long,SE Corner Lat,SE Corner Long,SW Corner Lat,SW Corner Long,Center Latitude dec,Center Longitude dec,NW Corner Lat dec,NW Corner Long dec,NE Corner Lat dec,NE Corner Long dec,SE Corner Lat dec,SE Corner Long dec,SW Corner Lat dec,SW Corner Long dec,Display ID,Ordering ID,Browse Link
3817636_PAX29Y077,2015/04/02,2015/04/18,,NAD_1983_StatePlane_Pennsylvania_South_FIPS_3702__US_Feet_.prj,,PA,NAD83,201504_five_counties_pa_1ft_sp_cnir,3702,ULTRACAM_FALCON,Color Near-Infrared,4,QUANTUM_SPATIAL,1,FEET,pa_x29_y077,DVRPC_PA,259820,39°58'30.87"N,75°14'11.42"W,39°58'57.06"N,75°15'06.65"W,39°58'54.60"N,75°13'14.35"W,39°58'04.67"N,75°13'16.21"W,39°58'07.13"N,75°15'08.49"W,39.9752404969542,-75.2365054468962,39.982517569205626,-75.251847116965365,39.981834336441914,-75.220653672658273,39.967963424702688,-75.221170139372376,39.968646518271569,-75.252357221134076,3817636_PAX29Y077,3817636_PAX29Y077,https://earthexplorer.usgs.gov/browse-link/3411/3817636_PAX29Y077
3817637_PAX29Y078,2015/04/02,2015/04/18,,NAD_1983_StatePlane_Pennsylvania_South_FIPS_3702__US_Feet_.prj,,PA,NAD83,201504_five_counties_pa_1ft_sp_cnir,3702,ULTRACAM_FALCON,Color Near-Infrared,4,QUANTUM_SPATIAL,1,FEET,pa_x29_y078,DVRPC_PA,259820,39°59'20.80"N,75°14'09.57"W,39°59'47.00"N,75°15'04.81"W,39°59'44.54"N,75°13'12.49"W,39°58'54.60"N,75°13'14.35"W,39°58'57.06"N,75°15'06.65"W,39.9891114741268,-75.2359920559833,39.996388611811732,-75.251336804448229,39.995705239836134,-75.220136995001241,39.981834336441914,-75.220653672658273,39.982517569205626,-75.251847116965365,3817637_PAX29Y078,3817637_PAX29Y078,https://earthexplorer.usgs.gov/browse-link/3411/3817637_PAX29Y078
3817638_PAX29Y079,2015/04/02,2015/04/18,,NAD_1983_StatePlane_Pennsylvania_South_FIPS_3702__US_Feet_.prj,,PA,NAD83,201504_five_counties_pa_1ft_sp_cnir,3702,ULTRACAM_FALCON,Color Near-Infrared,4,QUANTUM_SPATIAL,1,FEET,pa_x29_y079,DVRPC_PA,259820,40°00'10.74"N,75°14'07.72"W,40°00'36.93"N,75°15'02.97"W,40°00'34.47"N,75°13'10.63"W,39°59'44.54"N,75°13'12.49"W,39°59'47.00"N,75°15'04.81"W,40.0029824425587,-75.2354784553602,40.01025964528133,-75.250826283455041,40.009576134076774,-75.219620106272075,39.995705239836134,-75.220136995001241,39.996388611811732,-75.251336804448229,3817638_PAX29Y079,3817638_PAX29Y079,https://earthexplorer.usgs.gov/browse-link/3411/3817638_PAX29Y079
3817657_PAX30Y076,2015/04/02,2015/04/18,,NAD_1983_StatePlane_Pennsylvania_South_FIPS_3702__US_Feet_.prj,,PA,NAD83,201504_five_counties_pa_1ft_sp_cnir,3702,ULTRACAM_FALCON,Color Near-Infrared,4,QUANTUM_SPATIAL,1,FEET,pa_x30_y076,DVRPC_PA,259820,39°57'38.46"N,75°12'21.01"W,39°58'04.67"N,75°13'16.21"W,39°58'02.18"N,75°11'23.94"W,39°57'12.24"N,75°11'25.82"W,39°57'14.73"N,75°13'18.07"W,39.960682251635,-75.2058350419031,39.967963424702688,-75.221170139372376,39.967271856939554,-75.189983688533545,39.953401078567254,-75.190506304000237,39.954092505426893,-75.221686395272698,3817657_PAX30Y076,3817657_PAX30Y076,https://earthexplorer.usgs.gov/browse-link/3411/3817657_PAX30Y076
3817658_PAX30Y078,2015/04/02,2015/04/18,,NAD_1983_StatePlane_Pennsylvania_South_FIPS_3702__US_Feet_.prj,,PA,NAD83,201504_five_counties_pa_1ft_sp_cnir,3702,ULTRACAM_FALCON,Color Near-Infrared,4,QUANTUM_SPATIAL,1,FEET,pa_x30_y078,DVRPC_PA,259820,39°59'18.33"N,75°12'17.26"W,39°59'44.54"N,75°13'12.49"W,39°59'42.05"N,75°11'20.18"W,39°58'52.11"N,75°11'22.06"W,39°58'54.60"N,75°13'14.35"W,39.9884239337971,-75.2047957449543,39.995705239836134,-75.220136995001241,39.99501339021419,-75.188937817250292,39.981142627758011,-75.189460859660457,39.981834336441914,-75.220653672658273,3817658_PAX30Y078,3817658_PAX30Y078,https://earthexplorer.usgs.gov/browse-link/3411/3817658_PAX30Y078
3817676_PAX31Y074,2015/04/02,2015/04/18,,NAD_1983_StatePlane_Pennsylvania_South_FIPS_3702__US_Feet_.prj,,PA,NAD83,201504_five_counties_pa_1ft_sp_cnir,3702,ULTRACAM_FALCON,Color Near-Infrared,4,QUANTUM_SPATIAL,1,FEET,pa_x31_y074,DVRPC_PA,259820,39°55'56.08"N,75°10'32.53"W,39°56'22.31"N,75°11'27.70"W,39°56'19.79"N,75°09'35.48"W,39°55'29.86"N,75°09'37.38"W,39°55'32.37"N,75°11'29.58"W,39.9322450909896,-75.1757032525157,39.939530293449337,-75.191028706191162,39.938830536991105,-75.159855609794633,39.924959888529884,-75.160384152835974,39.925659502393991,-75.191550895236773,3817676_PAX31Y074,3817676_PAX31Y074,https://earthexplorer.usgs.gov/browse-link/3411/3817676_PAX31Y074
3817690_PAX32Y076,2015/04/02,2015/04/18,,NAD_1983_StatePlane_Pennsylvania_South_FIPS_3702__US_Feet_.prj,,PA,NAD83,201504_five_counties_pa_1ft_sp_cnir,3702,ULTRACAM_FALCON,Color Near-Infrared,4,QUANTUM_SPATIAL,1,FEET,pa_x32_y076,DVRPC_PA,259820,39°57'33.42"N,75°08'36.49"W,39°57'59.66"N,75°09'31.67"W,39°57'57.11"N,75°07'39.41"W,39°57'07.17"N,75°07'41.33"W,39°57'09.72"N,75°09'33.58"W,39.9592823118596,-75.1434697808394,39.966571815240499,-75.158797876376653,39.965863299867088,-75.127612710659875,39.9519928084786,-75.128148044082039,39.952701179497339,-75.159326851018889,3817690_PAX32Y076,3817690_PAX32Y076,https://earthexplorer.usgs.gov/browse-link/3411/3817690_PAX32Y076
3817709_PAX33Y074,2015/04/02,2015/04/18,,NAD_1983_StatePlane_Pennsylvania_South_FIPS_3702__US_Feet_.prj,,PA,NAD83,201504_five_counties_pa_1ft_sp_cnir,3702,ULTRACAM_FALCON,Color Near-Infrared,4,QUANTUM_SPATIAL,1,FEET,pa_x33_y074,DVRPC_PA,259820,39°55'50.98"N,75°06'48.11"W,39°56'17.24"N,75°07'43.26"W,39°56'14.66"N,75°05'51.04"W,39°55'24.73"N,75°05'52.99"W,39°55'27.31"N,75°07'45.19"W,39.9308287829402,-75.1133647086933,39.938122310309367,-75.12868315904737,39.937405613668645,-75.097511361697045,39.923535255571117,-75.098052611540268,39.924251806167469,-75.129218055689478,3817709_PAX33Y074,3817709_PAX33Y074,https://earthexplorer.usgs.gov/browse-link/3411/3817709_PAX33Y074
3818150_PAX29Y074,2015/04/02,2015/04/18,,NAD_1983_StatePlane_Pennsylvania_South_FIPS_3702__US_Feet_.prj,,PA,NAD83,201504_five_counties_pa_1ft_sp_cnir,3702,ULTRACAM_FALCON,Color Near-Infrared,4,QUANTUM_SPATIAL,1,FEET,pa_x29_y074,DVRPC_PA,259820,39°56'01.06"N,75°14'16.96"W,39°56'27.26"N,75°15'12.16"W,39°56'24.80"N,75°13'19.93"W,39°55'34.86"N,75°13'21.79"W,39°55'37.32"N,75°15'13.99"W,39.9336275210758,-75.2380443626564,39.940904394653195,-75.253376804936281,39.940221579422783,-75.222202440488246,39.926350647498474,-75.222718275147926,39.927033323585249,-75.253886284824517,3818150_PAX29Y074,3818150_PAX29Y074,https://earthexplorer.usgs.gov/browse-link/3411/3818150_PAX29Y074
3818151_PAX29Y076,2015/04/02,2015/04/18,,NAD_1983_StatePlane_Pennsylvania_South_FIPS_3702__US_Feet_.prj,,PA,NAD83,201504_five_counties_pa_1ft_sp_cnir,3702,ULTRACAM_FALCON,Color Near-Infrared,4,QUANTUM_SPATIAL,1,FEET,pa_x29_y076,DVRPC_PA,259820,39°57'40.93"N,75°14'13.27"W,39°58'07.13"N,75°15'08.49"W,39°58'04.67"N,75°13'16.21"W,39°57'14.73"N,75°13'18.07"W,39°57'17.19"N,75°15'10.32"W,39.9613695118492,-75.2370186282271,39.968646518271569,-75.252357221134076,39.967963424702688,-75.221170139372376,39.954092505426893,-75.221686395272698,39.954775459818009,-75.252867117081905,3818151_PAX29Y076,3818151_PAX29Y076,https://earthexplorer.usgs.gov/browse-link/3411/3818151_PAX29Y076
3818158_PAX30Y075,2015/04/02,2015/04/18,,NAD_1983_StatePlane_Pennsylvania_South_FIPS_3702__US_Feet_.prj,,PA,NAD83,201504_five_counties_pa_1ft_sp_cnir,3702,ULTRACAM_FALCON,Color Near-Infrared,4,QUANTUM_SPATIAL,1,FEET,pa_x30_y075,DVRPC_PA,259820,39°56'48.52"N,75°12'22.88"W,39°57'14.73"N,75°13'18.07"W,39°57'12.24"N,75°11'25.82"W,39°56'22.31"N,75°11'27.70"W,39°56'24.80"N,75°13'19.93"W,39.9468113994381,-75.2063543722442,39.954092505426893,-75.221686395272698,39.953401078567254,-75.190506304000237,39.939530293449337,-75.191028706191162,39.940221579422783,-75.222202440488246,3818158_PAX30Y075,3818158_PAX30Y075,https://earthexplorer.usgs.gov/browse-link/3411/3818158_PAX30Y075
3818159_PAX30Y077,2015/04/02,2015/04/18,,NAD_1983_StatePlane_Pennsylvania_South_FIPS_3702__US_Feet_.prj,,PA,NAD83,201504_five_counties_pa_1ft_sp_cnir,3702,ULTRACAM_FALCON,Color Near-Infrared,4,QUANTUM_SPATIAL,1,FEET,pa_x30_y077,DVRPC_PA,259820,39°58'28.39"N,75°12'19.14"W,39°58'54.60"N,75°13'14.35"W,39°58'52.11"N,75°11'22.06"W,39°58'02.18"N,75°11'23.94"W,39°58'04.67"N,75°13'16.21"W,39.9745530966907,-75.2053154995164,39.981834336441914,-75.220653672658273,39.981142627758011,-75.189460859660457,39.967271856939554,-75.189983688533545,39.967963424702688,-75.221170139372376,3818159_PAX30Y077,3818159_PAX30Y077,https://earthexplorer.usgs.gov/browse-link/3411/3818159_PAX30Y077
3818168_PAX31Y073,2015/04/02,2015/04/18,,NAD_1983_StatePlane_Pennsylvania_South_FIPS_3702__US_Feet_.prj,,PA,NAD83,201504_five_counties_pa_1ft_sp_cnir,3702,ULTRACAM_FALCON,Color Near-Infrared,4,QUANTUM_SPATIAL,1,FEET,pa_x31_y073,DVRPC_PA,259820,39°55'06.15"N,75°10'34.42"W,39°55'32.37"N,75°11'29.58"W,39°55'29.86"N,75°09'37.38"W,39°54'39.92"N,75°09'39.28"W,39°54'42.44"N,75°11'31.46"W,39.9183743686579,-75.1762285120517,39.925659502393991,-75.191550895236773,39.924959888529884,-75.160384152835974,39.911089234921711,-75.160912480274888,39.911788706209123,-75.192072871267484,3818168_PAX31Y073,3818168_PAX31Y073,https://earthexplorer.usgs.gov/browse-link/3411/3818168_PAX31Y073
3818169_PAX31Y075,2015/04/02,2015/04/18,,NAD_1983_StatePlane_Pennsylvania_South_FIPS_3702__US_Feet_.prj,,PA,NAD83,201504_five_counties_pa_1ft_sp_cnir,3702,ULTRACAM_FALCON,Color Near-Infrared,4,QUANTUM_SPATIAL,1,FEET,pa_x31_y075,DVRPC_PA,259820,39°56'46.02"N,75°10'30.64"W,39°57'12.24"N,75°11'25.82"W,39°57'09.72"N,75°09'33.58"W,39°56'19.79"N,75°09'35.48"W,39°56'22.31"N,75°11'27.70"W,39.9461158077792,-75.175177778605,39.953401078567254,-75.190506304000237,39.952701179497339,-75.159326851018889,39.938830536991105,-75.159855609794633,39.939530293449337,-75.191028706191162,3818169_PAX31Y075,3818169_PAX31Y075,https://earthexplorer.usgs.gov/browse-link/3411/3818169_PAX31Y075
3818170_PAX31Y077,2015/04/02,2015/04/18,,NAD_1983_StatePlane_Pennsylvania_South_FIPS_3702__US_Feet_.prj,,PA,NAD83,201504_five_counties_pa_1ft_sp_cnir,3702,ULTRACAM_FALCON,Color Near-Infrared,4,QUANTUM_SPATIAL,1,FEET,pa_x31_y077,DVRPC_PA,259820,39°58'25.89"N,75°10'26.85"W,39°58'52.11"N,75°11'22.06"W,39°58'49.59"N,75°09'29.77"W,39°57'59.66"N,75°09'31.67"W,39°58'02.18"N,75°11'23.94"W,39.9738572214993,-75.1741261871346,39.981142627758011,-75.189460859660457,39.980442443412358,-75.158268685735763,39.966571815240499,-75.158797876376653,39.967271856939554,-75.189983688533545,3818170_PAX31Y077,3818170_PAX31Y077,https://earthexplorer.usgs.gov/browse-link/3411/3818170_PAX31Y077
3818171_PAX31Y078,2015/04/02,2015/04/18,,NAD_1983_StatePlane_Pennsylvania_South_FIPS_3702__US_Feet_.prj,,PA,NAD83,201504_five_counties_pa_1ft_sp_cnir,3702,ULTRACAM_FALCON,Color Near-Infrared,4,QUANTUM_SPATIAL,1,FEET,pa_x31_y078,DVRPC_PA,259820,39°59'15.82"N,75°10'24.96"W,39°59'42.05"N,75°11'20.18"W,39°59'39.53"N,75°09'27.86"W,39°58'49.59"N,75°09'29.77"W,39°58'52.11"N,75°11'22.06"W,39.9877279168133,-75.1736000693122,39.99501339021419,-75.188937817250292,39.994313063204423,-75.15773927896393,39.980442443412358,-75.158268685735763,39.981142627758011,-75.189460859660457,3818171_PAX31Y078,3818171_PAX31Y078,https://earthexplorer.usgs.gov/browse-link/3411/3818171_PAX31Y078
3818192_PAX32Y077,2015/04/02,2015/04/18,,NAD_1983_StatePlane_Pennsylvania_South_FIPS_3702__US_Feet_.prj,,PA,NAD83,201504_five_counties_pa_1ft_sp_cnir,3702,ULTRACAM_FALCON,Color Near-Infrared,4,QUANTUM_SPATIAL,1,FEET,pa_x32_y077,DVRPC_PA,259820,39°58'23.35"N,75°08'34.58"W,39°58'49.59"N,75°09'29.77"W,39°58'47.04"N,75°07'37.48"W,39°57'57.11"N,75°07'39.41"W,39°57'59.66"N,75°09'31.67"W,39.9731528716397,-75.1429375175119,39.980442443412358,-75.158268685735763,39.979733783666539,-75.127077158647111,39.965863299867088,-75.127612710659875,39.966571815240499,-75.158797876376653,3818192_PAX32Y077,3818192_PAX32Y077,https://earthexplorer.usgs.gov/browse-link/3411/3818192_PAX32Y077
3818193_PAX32Y078,2015/04/02,2015/04/18,,NAD_1983_StatePlane_Pennsylvania_South_FIPS_3702__US_Feet_.prj,,PA,NAD83,201504_five_counties_pa_1ft_sp_cnir,3702,ULTRACAM_FALCON,Color Near-Infrared,4,QUANTUM_SPATIAL,1,FEET,pa_x32_y078,DVRPC_PA,259820,39°59'13.28"N,75°08'32.66"W,39°59'39.53"N,75°09'27.86"W,39°59'36.98"N,75°07'35.55"W,39°58'47.04"N,75°07'37.48"W,39°58'49.59"N,75°09'29.77"W,39.9870234234355,-75.1424050368228,39.994313063204423,-75.15773927896393,39.993604259068533,-75.126541387909839,39.979733783666539,-75.127077158647111,39.980442443412358,-75.158268685735763,3818193_PAX32Y078,3818193_PAX32Y078,https://earthexplorer.usgs.gov/browse-link/3411/3818193_PAX32Y078
3818202_PAX33Y073,2015/04/02,2015/04/18,,NAD_1983_StatePlane_Pennsylvania_South_FIPS_3702__US_Feet_.prj,,PA,NAD83,201504_five_counties_pa_1ft_sp_cnir,3702,ULTRACAM_FALCON,Color Near-Infrared,4,QUANTUM_SPATIAL,1,FEET,pa_x33_y073,DVRPC_PA,259820,39°55'01.05"N,75°06'50.05"W,39°55'27.31"N,75°07'45.19"W,39°55'24.73"N,75°05'52.99"W,39°54'34.79"N,75°05'54.94"W,39°54'37.37"N,75°07'47.11"W,39.9169583492292,-75.1139026728411,39.924251806167469,-75.129218055689478,39.923535255571117,-75.098052611540268,39.909664892291012,-75.098593640606978,39.910381296860919,-75.12975273414196,3818202_PAX33Y073,3818202_PAX33Y073,https://earthexplorer.usgs.gov/browse-link/3411/3818202_PAX33Y073
3818203_PAX33Y075,2015/04/02,2015/04/18,,NAD_1983_StatePlane_Pennsylvania_South_FIPS_3702__US_Feet_.prj,,PA,NAD83,201504_five_counties_pa_1ft_sp_cnir,3702,ULTRACAM_FALCON,Color Near-Infrared,4,QUANTUM_SPATIAL,1,FEET,pa_x33_y075,DVRPC_PA,259820,39°56'40.92"N,75°06'46.18"W,39°57'07.17"N,75°07'41.33"W,39°57'04.59"N,75°05'49.09"W,39°56'14.66"N,75°05'51.04"W,39°56'17.24"N,75°07'43.26"W,39.9446992110736,-75.1128265249948,39.9519928084786,-75.128148044082039,39.95127596577565,-75.096969890942148,39.937405613668645,-75.097511361697045,39.938122310309367,-75.12868315904737,3818203_PAX33Y075,3818203_PAX33Y075,https://earthexplorer.usgs.gov/browse-link/3411/3818203_PAX33Y075
3818204_PAX33Y077,2015/04/02,2015/04/18,,NAD_1983_StatePlane_Pennsylvania_South_FIPS_3702__US_Feet_.prj,,PA,NAD83,201504_five_counties_pa_1ft_sp_cnir,3702,ULTRACAM_FALCON,Color Near-Infrared,4,QUANTUM_SPATIAL,1,FEET,pa_x33_y077,DVRPC_PA,259820,39°58'20.78"N,75°06'42.30"W,39°58'47.04"N,75°07'37.48"W,39°58'44.46"N,75°05'45.19"W,39°57'54.53"N,75°05'47.14"W,39°57'57.11"N,75°07'39.41"W,39.9724400473753,-75.1117494984081,39.979733783666539,-75.127077158647111,39.979016648785361,-75.095886286156372,39.965146311083984,-75.096428199140377,39.965863299867088,-75.127612710659875,3818204_PAX33Y077,3818204_PAX33Y077,https://earthexplorer.usgs.gov/browse-link/3411/3818204_PAX33Y077
3818633_PAX29Y073,2015/04/02,2015/04/18,,NAD_1983_StatePlane_Pennsylvania_South_FIPS_3702__US_Feet_.prj,,PA,NAD83,201504_five_counties_pa_1ft_sp_cnir,3702,ULTRACAM_FALCON,Color Near-Infrared,4,QUANTUM_SPATIAL,1,FEET,pa_x29_y073,DVRPC_PA,259820,39°55'11.12"N,75°14'18.80"W,39°55'37.32"N,75°15'13.99"W,39°55'34.86"N,75°13'21.79"W,39°54'44.93"N,75°13'23.64"W,39°54'47.38"N,75°15'15.82"W,39.9197565170236,-75.2385569160109,39.927033323585249,-75.253886284824517,39.926350647498474,-75.222718275147926,39.912479710461916,-75.223233899380531,39.913162247422093,-75.25439555687386,3818633_PAX29Y073,3818633_PAX29Y073,https://earthexplorer.usgs.gov/browse-link/3411/3818633_PAX29Y073
3818634_PAX29Y075,2015/04/02,2015/04/18,,NAD_1983_StatePlane_Pennsylvania_South_FIPS_3702__US_Feet_.prj,,PA,NAD83,201504_five_counties_pa_1ft_sp_cnir,3702,ULTRACAM_FALCON,Color Near-Infrared,4,QUANTUM_SPATIAL,1,FEET,pa_x29_y075,DVRPC_PA,259820,39°56'50.99"N,75°14'15.11"W,39°57'17.19"N,75°15'10.32"W,39°57'14.73"N,75°13'18.07"W,39°56'24.80"N,75°13'19.93"W,39°56'27.26"N,75°15'12.16"W,39.9474985196204,-75.2375316001045,39.954775459818009,-75.252867117081905,39.954092505426893,-75.221686395272698,39.940221579422783,-75.222202440488246,39.940904394653195,-75.253376804936281,3818634_PAX29Y075,3818634_PAX29Y075,https://earthexplorer.usgs.gov/browse-link/3411/3818634_PAX29Y075
3818660_PAX30Y073,2015/04/02,2015/04/18,,NAD_1983_StatePlane_Pennsylvania_South_FIPS_3702__US_Feet_.prj,,PA,NAD83,201504_five_counties_pa_1ft_sp_cnir,3702,ULTRACAM_FALCON,Color Near-Infrared,4,QUANTUM_SPATIAL,1,FEET,pa_x30_y073,DVRPC_PA,259820,39°55'08.65"N,75°12'26.61"W,39°55'34.86"N,75°13'21.79"W,39°55'32.37"N,75°11'29.58"W,39°54'42.44"N,75°11'31.46"W,39°54'44.93"N,75°13'23.64"W,39.9190696768538,-75.2073923973087,39.926350647498474,-75.222718275147926,39.925659502393991,-75.191550895236773,39.911788706209123,-75.192072871267484,39.912479710461916,-75.223233899380531,3818660_PAX30Y073,3818660_PAX30Y073,https://earthexplorer.usgs.gov/browse-link/3411/3818660_PAX30Y073
3818661_PAX30Y074,2015/04/02,2015/04/18,,NAD_1983_StatePlane_Pennsylvania_South_FIPS_3702__US_Feet_.prj,,PA,NAD83,201504_five_counties_pa_1ft_sp_cnir,3702,ULTRACAM_FALCON,Color Near-Infrared,4,QUANTUM_SPATIAL,1,FEET,pa_x30_y074,DVRPC_PA,259820,39°55'58.59"N,75°12'24.74"W,39°56'24.80"N,75°13'19.93"W,39°56'22.31"N,75°11'27.70"W,39°55'32.37"N,75°11'29.58"W,39°55'34.86"N,75°13'21.79"W,39.9329405409084,-75.2068734906696,39.940221579422783,-75.222202440488246,39.939530293449337,-75.191028706191162,39.925659502393991,-75.191550895236773,39.926350647498474,-75.222718275147926,3818661_PAX30Y074,3818661_PAX30Y074,https://earthexplorer.usgs.gov/browse-link/3411/3818661_PAX30Y074
3818685_PAX31Y076,2015/04/02,2015/04/18,,NAD_1983_StatePlane_Pennsylvania_South_FIPS_3702__US_Feet_.prj,,PA,NAD83,201504_five_counties_pa_1ft_sp_cnir,3702,ULTRACAM_FALCON,Color Near-Infrared,4,QUANTUM_SPATIAL,1,FEET,pa_x31_y076,DVRPC_PA,259820,39°57'35.95"N,75°10'28.75"W,39°58'02.18"N,75°11'23.94"W,39°57'59.66"N,75°09'31.67"W,39°57'09.72"N,75°09'33.58"W,39°57'12.24"N,75°11'25.82"W,39.9599865182184,-75.1746520901884,39.967271856939554,-75.189983688533545,39.966571815240499,-75.158797876376653,39.952701179497339,-75.159326851018889,39.953401078567254,-75.190506304000237,3818685_PAX31Y076,3818685_PAX31Y076,https://earthexplorer.usgs.gov/browse-link/3411/3818685_PAX31Y076
3818693_PAX32Y073,2015/04/02,2015/04/18,,NAD_1983_StatePlane_Pennsylvania_South_FIPS_3702__US_Feet_.prj,,PA,NAD83,201504_five_counties_pa_1ft_sp_cnir,3702,ULTRACAM_FALCON,Color Near-Infrared,4,QUANTUM_SPATIAL,1,FEET,pa_x32_y073,DVRPC_PA,259820,39°55'03.61"N,75°08'42.23"W,39°55'29.86"N,75°09'37.38"W,39°55'27.31"N,75°07'45.19"W,39°54'37.37"N,75°07'47.11"W,39°54'39.92"N,75°09'39.28"W,39.9176705926954,-75.1450652679822,39.924959888529884,-75.160384152835974,39.924251806167469,-75.129218055689478,39.910381296860919,-75.12975273414196,39.911089234921711,-75.160912480274888,3818693_PAX32Y073,3818693_PAX32Y073,https://earthexplorer.usgs.gov/browse-link/3411/3818693_PAX32Y073
3818694_PAX32Y074,2015/04/02,2015/04/18,,NAD_1983_StatePlane_Pennsylvania_South_FIPS_3702__US_Feet_.prj,,PA,NAD83,201504_five_counties_pa_1ft_sp_cnir,3702,ULTRACAM_FALCON,Color Near-Infrared,4,QUANTUM_SPATIAL,1,FEET,pa_x32_y074,DVRPC_PA,259820,39°55'53.55"N,75°08'40.32"W,39°56'19.79"N,75°09'35.48"W,39°56'17.24"N,75°07'43.26"W,39°55'27.31"N,75°07'45.19"W,39°55'29.86"N,75°09'37.38"W,39.9315411715793,-75.1445336559417,39.938830536991105,-75.159855609794633,39.938122310309367,-75.12868315904737,39.924251806167469,-75.129218055689478,39.924959888529884,-75.160384152835974,3818694_PAX32Y074,3818694_PAX32Y074,https://earthexplorer.usgs.gov/browse-link/3411/3818694_PAX32Y074
3818695_PAX32Y075,2015/04/02,2015/04/18,,NAD_1983_StatePlane_Pennsylvania_South_FIPS_3702__US_Feet_.prj,,PA,NAD83,201504_five_counties_pa_1ft_sp_cnir,3702,ULTRACAM_FALCON,Color Near-Infrared,4,QUANTUM_SPATIAL,1,FEET,pa_x32_y075,DVRPC_PA,259820,39°56'43.48"N,75°08'38.41"W,39°57'09.72"N,75°09'33.58"W,39°57'07.17"N,75°07'41.33"W,39°56'17.24"N,75°07'43.26"W,39°56'19.79"N,75°09'35.48"W,39.9454117449034,-75.1440018269383,39.952701179497339,-75.159326851018889,39.9519928084786,-75.128148044082039,39.938122310309367,-75.12868315904737,39.938830536991105,-75.159855609794633,3818695_PAX32Y075,3818695_PAX32Y075,https://earthexplorer.usgs.gov/browse-link/3411/3818695_PAX32Y075
3818714_PAX33Y076,2015/04/02,2015/04/18,,NAD_1983_StatePlane_Pennsylvania_South_FIPS_3702__US_Feet_.prj,,PA,NAD83,201504_five_counties_pa_1ft_sp_cnir,3702,ULTRACAM_FALCON,Color Near-Infrared,4,QUANTUM_SPATIAL,1,FEET,pa_x33_y076,DVRPC_PA,259820,39°57'30.85"N,75°06'44.24"W,39°57'57.11"N,75°07'39.41"W,39°57'54.53"N,75°05'47.14"W,39°57'04.59"N,75°05'49.09"W,39°57'07.17"N,75°07'41.33"W,39.9585696328214,-75.1122881216112,39.965863299867088,-75.127612710659875,39.965146311083984,-75.096428199140377,39.95127596577565,-75.096969890942148,39.9519928084786,-75.128148044082039,3818714_PAX33Y076,3818714_PAX33Y076,https://earthexplorer.usgs.gov/browse-link/3411/3818714_PAX33Y076
3818905_NJX32Y074,2015/04/01,2015/04/18,,NAD_1983_StatePlane_New_Jersey_FIPS_2900__US_Feet_.prj,,NJ,NAD83,201504_four_counties_nj_1ft_sp_cnir,2900,ULTRACAM_FALCON,Color Near-Infrared,4,QUANTUM_SPATIAL_INC,1,FEET,nj_x32_y074,DVRPC_NJ,201783,39°56'08.70"N,75°08'27.50"W,39°56'33.36"N,75°09'23.87"W,39°56'33.98"N,75°07'31.59"W,39°55'44.03"N,75°07'31.14"W,39°55'43.41"N,75°09'23.39"W,39.9357486190856,-75.1409734332392,39.942600935645288,-75.156631126613831,39.942773386506737,-75.1254420525581,39.928896218240453,-75.125315739864504,39.928723851664536,-75.156498516130355,3818905_NJX32Y074,3818905_NJX32Y074,https://earthexplorer.usgs.gov/browse-link/3411/3818905_NJX32Y074
3818906_NJX32Y075,2015/04/01,2015/04/18,,NAD_1983_StatePlane_New_Jersey_FIPS_2900__US_Feet_.prj,,NJ,NAD83,201504_four_counties_nj_1ft_sp_cnir,2900,ULTRACAM_FALCON,Color Near-Infrared,4,QUANTUM_SPATIAL_INC,1,FEET,nj_x32_y075,DVRPC_NJ,201783,39°56'58.65"N,75°08'27.97"W,39°57'23.32"N,75°09'24.35"W,39°57'23.94"N,75°07'32.05"W,39°56'33.98"N,75°07'31.59"W,39°56'33.36"N,75°09'23.87"W,39.9496257283836,-75.1411029408108,39.956477985941234,-75.156763829063436,39.956650521121851,-75.125568452850871,39.942773386506737,-75.1254420525581,39.942600935645288,-75.156631126613831,3818906_NJX32Y075,3818906_NJX32Y075,https://earthexplorer.usgs.gov/browse-link/3411/3818906_NJX32Y075
3818918_NJX33Y076,2015/04/01,2015/04/18,,NAD_1983_StatePlane_New_Jersey_FIPS_2900__US_Feet_.prj,,NJ,NAD83,201504_four_counties_nj_1ft_sp_cnir,2900,ULTRACAM_FALCON,Color Near-Infrared,4,QUANTUM_SPATIAL_INC,1,FEET,nj_x33_y076,DVRPC_NJ,201783,39°57'49.22"N,75°06'36.12"W,39°58'13.90"N,75°07'32.50"W,39°58'14.49"N,75°05'40.17"W,39°57'24.53"N,75°05'39.74"W,39°57'23.94"N,75°07'32.05"W,39.9636711824727,-75.1100338775398,39.970527622082741,-75.12569494081059,39.970691843823502,-75.094492995498527,39.956814662613091,-75.094372814268979,39.956650521121851,-75.125568452850871,3818918_NJX33Y076,3818918_NJX33Y076,https://earthexplorer.usgs.gov/browse-link/3411/3818918_NJX33Y076
3818919_NJX33Y077,2015/04/01,2015/04/18,,NAD_1983_StatePlane_New_Jersey_FIPS_2900__US_Feet_.prj,,NJ,NAD83,201504_four_counties_nj_1ft_sp_cnir,2900,ULTRACAM_FALCON,Color Near-Infrared,4,QUANTUM_SPATIAL_INC,1,FEET,nj_x33_y077,DVRPC_NJ,201783,39°58'39.17"N,75°06'36.57"W,39°59'03.86"N,75°07'32.96"W,39°59'04.45"N,75°05'40.61"W,39°58'14.49"N,75°05'40.17"W,39°58'13.90"N,75°07'32.50"W,39.9775483067457,-75.1101572560018,39.984404689386324,-75.125821516505127,39.984568991408651,-75.094613260088934,39.970691843823502,-75.094492995498527,39.970527622082741,-75.12569494081059,3818919_NJX33Y077,3818919_NJX33Y077,https://earthexplorer.usgs.gov/browse-link/3411/3818919_NJX33Y077
3819407_NJX32Y073,2015/04/01,2015/04/18,,NAD_1983_StatePlane_New_Jersey_FIPS_2900__US_Feet_.prj,,NJ,NAD83,201504_four_counties_nj_1ft_sp_cnir,2900,ULTRACAM_FALCON,Color Near-Infrared,4,QUANTUM_SPATIAL_INC,1,FEET,nj_x32_y073,DVRPC_NJ,201783,39°55'18.74"N,75°08'27.04"W,39°55'43.41"N,75°09'23.39"W,39°55'44.03"N,75°07'31.14"W,39°54'54.07"N,75°07'30.68"W,39°54'53.45"N,75°09'22.92"W,39.9218714761213,-75.1408440154164,39.928723851664536,-75.156498516130355,39.928896218240453,-75.125315739864504,39.915019016326049,-75.12518951470237,39.91484673400209,-75.156365997541911,3819407_NJX32Y073,3819407_NJX32Y073,https://earthexplorer.usgs.gov/browse-link/3411/3819407_NJX32Y073
3819418_NJX33Y073,2015/04/01,2015/04/18,,NAD_1983_StatePlane_New_Jersey_FIPS_2900__US_Feet_.prj,,NJ,NAD83,201504_four_counties_nj_1ft_sp_cnir,2900,ULTRACAM_FALCON,Color Near-Infrared,4,QUANTUM_SPATIAL_INC,1,FEET,nj_x33_y073,DVRPC_NJ,201783,39°55'19.34"N,75°06'34.79"W,39°55'44.03"N,75°07'31.14"W,39°55'44.62"N,75°05'38.88"W,39°54'54.66"N,75°05'38.45"W,39°54'54.07"N,75°07'30.68"W,39.9220396078274,-75.1096642549829,39.928896218240453,-75.125315739864504,39.929060199328674,-75.094132701634749,39.915182917260722,-75.094012770101315,39.915019016326049,-75.12518951470237,3819418_NJX33Y073,3819418_NJX33Y073,https://earthexplorer.usgs.gov/browse-link/3411/3819418_NJX33Y073
3819419_NJX33Y074,2015/04/01,2015/04/18,,NAD_1983_StatePlane_New_Jersey_FIPS_2900__US_Feet_.prj,,NJ,NAD83,201504_four_counties_nj_1ft_sp_cnir,2900,ULTRACAM_FALCON,Color Near-Infrared,4,QUANTUM_SPATIAL_INC,1,FEET,nj_x33_y074,DVRPC_NJ,201783,39°56'09.30"N,75°06'35.23"W,39°56'33.98"N,75°07'31.59"W,39°56'34.57"N,75°05'39.31"W,39°55'44.62"N,75°05'38.88"W,39°55'44.03"N,75°07'31.14"W,39.9359168330105,-75.1097873770964,39.942773386506737,-75.1254420525581,39.942937447780473,-75.094252716335859,39.929060199328674,-75.094132701634749,39.928896218240453,-75.125315739864504,3819419_NJX33Y074,3819419_NJX33Y074,https://earthexplorer.usgs.gov/browse-link/3411/3819419_NJX33Y074
3819420_NJX33Y075,2015/04/01,2015/04/18,,NAD_1983_StatePlane_New_Jersey_FIPS_2900__US_Feet_.prj,,NJ,NAD83,201504_four_counties_nj_1ft_sp_cnir,2900,ULTRACAM_FALCON,Color Near-Infrared,4,QUANTUM_SPATIAL_INC,1,FEET,nj_x33_y075,DVRPC_NJ,201783,39°56'59.26"N,75°06'35.68"W,39°57'23.94"N,75°07'32.05"W,39°57'24.53"N,75°05'39.74"W,39°56'34.57"N,75°05'39.31"W,39°56'33.98"N,75°07'31.59"W,39.9497940245599,-75.1099105845934,39.956650521121851,-75.125568452850871,39.956814662613091,-75.094372814268979,39.942937447780473,-75.094252716335859,39.942773386506737,-75.1254420525581,3819420_NJX33Y075,3819420_NJX33Y075,https://earthexplorer.usgs.gov/browse-link/3411/3819420_NJX33Y075
3819873_NJX32Y076,2015/04/01,2015/04/18,,NAD_1983_StatePlane_New_Jersey_FIPS_2900__US_Feet_.prj,,NJ,NAD83,201504_four_counties_nj_1ft_sp_cnir,2900,ULTRACAM_FALCON,Color Near-Infrared,4,QUANTUM_SPATIAL_INC,1,FEET,nj_x32_y076,DVRPC_NJ,201783,39°57'48.61"N,75°08'28.44"W,39°58'13.28"N,75°09'24.83"W,39°58'13.90"N,75°07'32.50"W,39°57'23.94"N,75°07'32.05"W,39°57'23.32"N,75°09'24.35"W,39.963502804012,-75.1412325382006,39.97035500254929,-75.156896623550267,39.970527622082741,-75.12569494081059,39.956650521121851,-75.125568452850871,39.956477985941234,-75.156763829063436,3819873_NJX32Y076,3819873_NJX32Y076,https://earthexplorer.usgs.gov/browse-link/3411/3819873_NJX32Y076
3819876_NJX33Y072,2015/04/01,2015/04/18,,NAD_1983_StatePlane_New_Jersey_FIPS_2900__US_Feet_.prj,,NJ,NAD83,201504_four_counties_nj_1ft_sp_cnir,2900,ULTRACAM_FALCON,Color Near-Infrared,4,QUANTUM_SPATIAL_INC,1,FEET,nj_x33_y072,DVRPC_NJ,201783,39°54'29.38"N,75°06'34.35"W,39°54'54.07"N,75°07'30.68"W,39°54'54.66"N,75°05'38.45"W,39°54'04.70"N,75°05'38.01"W,39°54'04.11"N,75°07'30.23"W,39.9081623490137,-75.1095412181868,39.915019016326049,-75.12518951470237,39.915182917260722,-75.094012770101315,39.901305601579686,-75.09389292167134,39.901141780766636,-75.125063377004096,3819876_NJX33Y072,3819876_NJX33Y072,https://earthexplorer.usgs.gov/browse-link/3411/3819876_NJX33Y072
3841729_D13C10,2015/04/01,2015/05/29,,NAD_1983_StatePlane_New_Jersey_FIPS_2900__US_Feet_.prj,,NJ,NAD83,201504_nj_state_area02_nj_1ft_sp_cnir,2900,ULTRACAM_EAGLE,Color Near-Infrared,4,QUANTUM_SPATIAL_INC,1,FEET,d13c10,NJOIT,546307,39°57'51.27"N,75°07'22.92"W,39°58'15.80"N,75°07'55.26"W,39°58'16.15"N,75°06'51.03"W,39°57'26.73"N,75°06'50.59"W,39°57'26.39"N,75°07'54.80"W,39.96424103107,-75.1230340218376,39.97105613063011,-75.132015408698763,39.97115202712871,-75.114175446575516,39.957425885158543,-75.114052634976375,39.957330035011232,-75.131889030359957,3841729_D13C10,3841729_D13C10,https://earthexplorer.usgs.gov/browse-link/3411/3841729_D13C10
3841730_D13C11,2015/04/01,2015/05/29,,NAD_1983_StatePlane_New_Jersey_FIPS_2900__US_Feet_.prj,,NJ,NAD83,201504_nj_state_area02_nj_1ft_sp_cnir,2900,ULTRACAM_EAGLE,Color Near-Infrared,4,QUANTUM_SPATIAL_INC,1,FEET,d13c11,NJOIT,546307,39°57'51.61"N,75°06'18.70"W,39°58'16.15"N,75°06'51.03"W,39°58'16.48"N,75°05'46.81"W,39°57'27.07"N,75°05'46.38"W,39°57'26.73"N,75°06'50.59"W,39.9643355317138,-75.1051958015492,39.971152027125733,-75.11417544713747,39.971245178272,-75.096335400756089,39.957518991277368,-75.096216155960988,39.957425885155565,-75.114052635538215,3841730_D13C11,3841730_D13C11,https://earthexplorer.usgs.gov/browse-link/3411/3841730_D13C11
3841732_D13C13,2015/04/01,2015/05/29,,NAD_1983_StatePlane_New_Jersey_FIPS_2900__US_Feet_.prj,,NJ,NAD83,201504_nj_state_area02_nj_1ft_sp_cnir,2900,ULTRACAM_EAGLE,Color Near-Infrared,4,QUANTUM_SPATIAL_INC,1,FEET,d13c13,NJOIT,546307,39°57'01.50"N,75°08'26.68"W,39°57'26.03"N,75°08'59.01"W,39°57'26.39"N,75°07'54.80"W,39°56'36.97"N,75°07'54.35"W,39°56'36.62"N,75°08'58.54"W,39.9504176979271,-75.1407440394948,39.957231441305979,-75.149725339717605,39.957330035440293,-75.131889030972431,39.943603906888846,-75.131762739272006,39.943505360413823,-75.149595483788588,3841732_D13C13,3841732_D13C13,https://earthexplorer.usgs.gov/browse-link/3411/3841732_D13C13
3841733_D13C14,2015/04/01,2015/05/29,,NAD_1983_StatePlane_New_Jersey_FIPS_2900__US_Feet_.prj,,NJ,NAD83,201504_nj_state_area02_nj_1ft_sp_cnir,2900,ULTRACAM_EAGLE,Color Near-Infrared,4,QUANTUM_SPATIAL_INC,1,FEET,d13c14,NJOIT,546307,39°57'01.85"N,75°07'22.47"W,39°57'26.39"N,75°07'54.80"W,39°57'26.73"N,75°06'50.59"W,39°56'37.32"N,75°06'50.15"W,39°56'36.97"N,75°07'54.35"W,39.9505148962415,-75.1229094689694,39.957330035443604,-75.131889030363922,39.957425885590908,-75.11405263498024,39.943699710706461,-75.113929907574786,39.943603906892164,-75.131762738663625,3841733_D13C14,3841733_D13C14,https://earthexplorer.usgs.gov/browse-link/3411/3841733_D13C14
3841734_D13C15,2015/04/01,2015/05/29,,NAD_1983_StatePlane_New_Jersey_FIPS_2900__US_Feet_.prj,,NJ,NAD83,201504_nj_state_area02_nj_1ft_sp_cnir,2900,ULTRACAM_EAGLE,Color Near-Infrared,4,QUANTUM_SPATIAL_INC,1,FEET,d13c15,NJOIT,546307,39°57'02.19"N,75°06'18.27"W,39°57'26.73"N,75°06'50.59"W,39°57'27.07"N,75°05'46.38"W,39°56'37.65"N,75°05'45.95"W,39°56'37.32"N,75°06'50.15"W,39.9506093512066,-75.1050748142302,39.957425885587931,-75.11405263554208,39.95751899170974,-75.09621615596474,39.9437927718186,-75.09609699291839,39.943699710703484,-75.113929908136512,3841734_D13C15,3841734_D13C15,https://earthexplorer.usgs.gov/browse-link/3411/3841734_D13C15
3841737_D13C6,2015/04/01,2015/05/29,,NAD_1983_StatePlane_New_Jersey_FIPS_2900__US_Feet_.prj,,NJ,NAD83,201504_nj_state_area02_nj_1ft_sp_cnir,2900,ULTRACAM_EAGLE,Color Near-Infrared,4,QUANTUM_SPATIAL_INC,1,FEET,d13c6,NJOIT,546307,39°58'40.68"N,75°07'23.37"W,39°59'05.22"N,75°07'55.71"W,39°59'05.56"N,75°06'51.47"W,39°58'16.15"N,75°06'51.03"W,39°58'15.80"N,75°07'55.26"W,39.9779671338742,-75.1231586601632,39.984782193781726,-75.132141873746747,39.984878136649932,-75.114298342436967,39.971152027596993,-75.114175446579694,39.971056131098393,-75.132015408703083,3841737_D13C6,3841737_D13C6,https://earthexplorer.usgs.gov/browse-link/3411/3841737_D13C6
3841740_D13C9,2015/04/01,2015/05/29,,NAD_1983_StatePlane_New_Jersey_FIPS_2900__US_Feet_.prj,,NJ,NAD83,201504_nj_state_area02_nj_1ft_sp_cnir,2900,ULTRACAM_EAGLE,Color Near-Infrared,4,QUANTUM_SPATIAL_INC,1,FEET,d13c9,NJOIT,546307,39°57'50.92"N,75°08'27.14"W,39°58'15.45"N,75°08'59.48"W,39°58'15.80"N,75°07'55.26"W,39°57'26.39"N,75°07'54.80"W,39°57'26.03"N,75°08'59.01"W,39.9641437857502,-75.1408721578471,39.970957488814385,-75.149855284725817,39.971056130626792,-75.1320154093074,39.957330035007921,-75.131889030968452,39.957231440873613,-75.149725339713513,3841740_D13C9,3841740_D13C9,https://earthexplorer.usgs.gov/browse-link/3411/3841740_D13C9
3841757_D14A1,2015/04/01,2015/05/29,,NAD_1983_StatePlane_New_Jersey_FIPS_2900__US_Feet_.prj,,NJ,NAD83,201504_nj_state_area02_nj_1ft_sp_cnir,2900,ULTRACAM_EAGLE,Color Near-Infrared,4,QUANTUM_SPATIAL_INC,1,FEET,d14a1,NJOIT,546307,39°56'12.09"N,75°08'26.22"W,39°56'36.62"N,75°08'58.54"W,39°56'36.97"N,75°07'54.35"W,39°55'47.56"N,75°07'53.89"W,39°55'47.21"N,75°08'58.08"W,39.9366915762628,-75.1406160089618,39.943505359945547,-75.149595483784168,39.943603906420563,-75.1317627392677,39.92987774493951,-75.131636534139531,39.929779246104978,-75.149465716870324,3841757_D14A1,3841757_D14A1,https://earthexplorer.usgs.gov/browse-link/3411/3841757_D14A1
3841758_D14A10,2015/04/01,2015/05/29,,NAD_1983_StatePlane_New_Jersey_FIPS_2900__US_Feet_.prj,,NJ,NAD83,201504_nj_state_area02_nj_1ft_sp_cnir,2900,ULTRACAM_EAGLE,Color Near-Infrared,4,QUANTUM_SPATIAL_INC,1,FEET,d14a10,NJOIT,546307,39°54'33.61"N,75°07'21.13"W,39°54'58.15"N,75°07'53.44"W,39°54'58.49"N,75°06'49.26"W,39°54'09.08"N,75°06'48.82"W,39°54'08.73"N,75°07'52.98"W,39.9093362924351,-75.1225363223907,39.916151550499237,-75.131510414908988,39.916247261702331,-75.113684705082903,39.902520988092803,-75.113562229872471,39.902425323167918,-75.13138438272702,3841758_D14A10,3841758_D14A10,https://earthexplorer.usgs.gov/browse-link/3411/3841758_D14A10
3841759_D14A11,2015/04/01,2015/05/29,,NAD_1983_StatePlane_New_Jersey_FIPS_2900__US_Feet_.prj,,NJ,NAD83,201504_nj_state_area02_nj_1ft_sp_cnir,2900,ULTRACAM_EAGLE,Color Near-Infrared,4,QUANTUM_SPATIAL_INC,1,FEET,d14a11,NJOIT,546307,39°54'33.95"N,75°06'16.96"W,39°54'58.49"N,75°06'49.26"W,39°54'58.82"N,75°05'45.09"W,39°54'09.41"N,75°05'44.66"W,39°54'09.08"N,75°06'48.82"W,39.9094306104721,-75.1047123496436,39.916247261699361,-75.113684705644431,39.916340232854331,-75.095858911817629,39.902613914291315,-75.095739993642752,39.902520988089833,-75.113562230433857,3841759_D14A11,3841759_D14A11,https://earthexplorer.usgs.gov/browse-link/3411/3841759_D14A11
3841765_D14A2,2015/04/01,2015/05/29,,NAD_1983_StatePlane_New_Jersey_FIPS_2900__US_Feet_.prj,,NJ,NAD83,201504_nj_state_area02_nj_1ft_sp_cnir,2900,ULTRACAM_EAGLE,Color Near-Infrared,4,QUANTUM_SPATIAL_INC,1,FEET,d14a2,NJOIT,546307,39°56'12.44"N,75°07'22.03"W,39°56'36.97"N,75°07'54.35"W,39°56'37.32"N,75°06'50.15"W,39°55'47.90"N,75°06'49.71"W,39°55'47.56"N,75°07'53.89"W,39.9367887275905,-75.1227850014769,39.943603906423874,-75.131762738659319,39.943699710238171,-75.113929907570594,39.929973502442387,-75.113807264294422,39.929877744942821,-75.131636533531278,3841765_D14A2,3841765_D14A2,https://earthexplorer.usgs.gov/browse-link/3411/3841765_D14A2
3841766_D14A3,2015/04/01,2015/05/29,,NAD_1983_StatePlane_New_Jersey_FIPS_2900__US_Feet_.prj,,NJ,NAD83,201504_nj_state_area02_nj_1ft_sp_cnir,2900,ULTRACAM_EAGLE,Color Near-Infrared,4,QUANTUM_SPATIAL_INC,1,FEET,d14a3,NJOIT,546307,39°56'12.78"N,75°06'17.83"W,39°56'37.32"N,75°06'50.15"W,39°56'37.65"N,75°05'45.95"W,39°55'48.24"N,75°05'45.52"W,39°55'47.90"N,75°06'49.71"W,39.9368831368949,-75.1049539098433,39.943699710235201,-75.113929908132334,39.943792771350317,-75.096096992914326,39.930066518565589,-75.095977911554243,39.92997350243941,-75.11380726485605,3841766_D14A3,3841766_D14A3,https://earthexplorer.usgs.gov/browse-link/3411/3841766_D14A3
3841768_D14A5,2015/04/01,2015/05/29,,NAD_1983_StatePlane_New_Jersey_FIPS_2900__US_Feet_.prj,,NJ,NAD83,201504_nj_state_area02_nj_1ft_sp_cnir,2900,ULTRACAM_EAGLE,Color Near-Infrared,4,QUANTUM_SPATIAL_INC,1,FEET,d14a5,NJOIT,546307,39°55'22.68"N,75°08'25.76"W,39°55'47.21"N,75°08'58.08"W,39°55'47.56"N,75°07'53.89"W,39°54'58.15"N,75°07'53.44"W,39°54'57.79"N,75°08'57.61"W,39.9229654225616,-75.1404880661979,39.929779246537358,-75.149465716874403,39.929877745371883,-75.13163653414351,39.916151550964216,-75.131510415521433,39.916053099751387,-75.149336038907663,3841768_D14A5,3841768_D14A5,https://earthexplorer.usgs.gov/browse-link/3411/3841768_D14A5
3841769_D14A6,2015/04/01,2015/05/29,,NAD_1983_StatePlane_New_Jersey_FIPS_2900__US_Feet_.prj,,NJ,NAD83,201504_nj_state_area02_nj_1ft_sp_cnir,2900,ULTRACAM_EAGLE,Color Near-Infrared,4,QUANTUM_SPATIAL_INC,1,FEET,d14a6,NJOIT,546307,39°55'23.03"N,75°07'21.58"W,39°55'47.56"N,75°07'53.89"W,39°55'47.90"N,75°06'49.71"W,39°54'58.49"N,75°06'49.26"W,39°54'58.15"N,75°07'53.44"W,39.9230625269211,-75.1226606193112,39.929877745375201,-75.131636533535243,39.929973502874766,-75.113807264298288,39.916247262170621,-75.113684705087095,39.91615155096752,-75.131510414913294,3841769_D14A6,3841769_D14A6,https://earthexplorer.usgs.gov/browse-link/3411/3841769_D14A6
3841770_D14A7,2015/04/01,2015/05/29,,NAD_1983_StatePlane_New_Jersey_FIPS_2900__US_Feet_.prj,,NJ,NAD83,201504_nj_state_area02_nj_1ft_sp_cnir,2900,ULTRACAM_EAGLE,Color Near-Infrared,4,QUANTUM_SPATIAL_INC,1,FEET,d14a7,NJOIT,546307,39°55'23.36"N,75°06'17.40"W,39°55'47.90"N,75°06'49.71"W,39°55'48.24"N,75°05'45.52"W,39°54'58.82"N,75°05'45.09"W,39°54'58.49"N,75°06'49.26"W,39.9231568905828,-75.1048330883408,39.929973502871796,-75.113807264859915,39.930066518997968,-75.095977911557981,39.916340233322622,-75.095858911821679,39.916247262167651,-75.113684705648609,3841770_D14A7,3841770_D14A7,https://earthexplorer.usgs.gov/browse-link/3411/3841770_D14A7
2923177_18SVK875175,2012/03/14,2012/04/16,26918,,NAD83 / UTM zone 18N,NJ,NAD83,201203_new_jersey_state_nj_0x3000m_utm_clr,18,DMC,Color,3,PHOTO_SCIENCE_INC,.3,METER,18svk875175,USGS,727505,39°54'51.33"N,75°08'14.93"W,39°55'15.62"N,75°08'46.57"W,39°55'15.70"N,75°07'43.39"W,39°54'27.04"N,75°07'43.29"W,39°54'26.97"N,75°08'46.47"W,39.9142597222222,-75.1374805555556,39.921005555555553,-75.146269444444457,39.921027777777773,-75.128719444444442,39.907511111111113,-75.128691666666654,39.907491666666665,-75.146241666666668,2923177_18SVK875175,2923177_18SVK875175,https://earthexplorer.usgs.gov/browse-link/3411/2923177_18SVK875175
2923179_18SVK890175,2012/03/14,2012/04/16,26918,,NAD83 / UTM zone 18N,NJ,NAD83,201203_new_jersey_state_nj_0x3000m_utm_clr,18,DMC,Color,3,PHOTO_SCIENCE_INC,.3,METER,18svk890175,USGS,727505,39°54'51.40"N,75°07'11.75"W,39°55'15.70"N,75°07'43.39"W,39°55'15.76"N,75°06'40.20"W,39°54'27.11"N,75°06'40.12"W,39°54'27.04"N,75°07'43.29"W,39.9142777777778,-75.1199319444444,39.921027777777773,-75.128719444444442,39.921044444444441,-75.111166666666662,39.907530555555553,-75.111144444444434,39.907511111111113,-75.128691666666654,2923179_18SVK890175,2923179_18SVK890175,https://earthexplorer.usgs.gov/browse-link/3411/2923179_18SVK890175
2924175_18SVK905175,2012/03/14,2012/04/16,26918,,NAD83 / UTM zone 18N,NJ,NAD83,201203_new_jersey_state_nj_0x3000m_utm_clr,18,DMC,Color,3,PHOTO_SCIENCE_INC,.3,METER,18svk905175,USGS,727505,39°54'51.46"N,75°06'08.57"W,39°55'15.76"N,75°06'40.20"W,39°55'15.82"N,75°05'37.01"W,39°54'27.17"N,75°05'36.94"W,39°54'27.11"N,75°06'40.12"W,39.9142958333333,-75.1023805555556,39.921044444444441,-75.111166666666662,39.921061111111108,-75.093613888888882,39.90754722222222,-75.093594444444435,39.907530555555553,-75.111144444444434,2924175_18SVK905175,2924175_18SVK905175,https://earthexplorer.usgs.gov/browse-link/3411/2924175_18SVK905175
2926170_18SVK860190,2012/03/14,2012/04/16,26918,,NAD83 / UTM zone 18N,NJ,NAD83,201203_new_jersey_state_nj_0x3000m_utm_clr,18,DMC,Color,3,PHOTO_SCIENCE_INC,.3,METER,18svk860190,USGS,727505,39°55'39.91"N,75°09'18.23"W,39°56'04.19"N,75°09'49.88"W,39°56'04.28"N,75°08'46.68"W,39°55'15.62"N,75°08'46.57"W,39°55'15.54"N,75°09'49.76"W,39.9277527777778,-75.1550625,39.93449722222222,-75.163855555555557,39.93452222222222,-75.146300000000011,39.921005555555553,-75.146269444444457,39.920983333333332,-75.163822222222223,2926170_18SVK860190,2926170_18SVK860190,https://earthexplorer.usgs.gov/browse-link/3411/2926170_18SVK860190
2926171_18SVK875205,2012/03/14,2012/04/16,26918,,NAD83 / UTM zone 18N,NJ,NAD83,201203_new_jersey_state_nj_0x3000m_utm_clr,18,DMC,Color,3,PHOTO_SCIENCE_INC,.3,METER,18svk875205,USGS,727505,39°56'28.64"N,75°08'15.13"W,39°56'52.93"N,75°08'46.78"W,39°56'53.00"N,75°07'43.57"W,39°56'04.35"N,75°07'43.48"W,39°56'04.28"N,75°08'46.68"W,39.9412888888889,-75.1375361111111,39.948036111111108,-75.146327777777785,39.948055555555555,-75.128769444444444,39.934541666666661,-75.128744444444436,39.93452222222222,-75.146300000000011,2926171_18SVK875205,2926171_18SVK875205,https://earthexplorer.usgs.gov/browse-link/3411/2926171_18SVK875205
2926172_18SVK875220,2012/03/14,2012/04/16,26918,,NAD83 / UTM zone 18N,NJ,NAD83,201203_new_jersey_state_nj_0x3000m_utm_clr,18,DMC,Color,3,PHOTO_SCIENCE_INC,.3,METER,18svk875220,USGS,727505,39°57'17.30"N,75°08'15.23"W,39°57'41.58"N,75°08'46.89"W,39°57'41.66"N,75°07'43.66"W,39°56'53.00"N,75°07'43.57"W,39°56'52.93"N,75°08'46.78"W,39.9548041666667,-75.1375638888889,39.961550000000003,-75.146358333333339,39.961572222222223,-75.128794444444438,39.948055555555555,-75.128769444444444,39.948036111111108,-75.146327777777785,2926172_18SVK875220,2926172_18SVK875220,https://earthexplorer.usgs.gov/browse-link/3411/2926172_18SVK875220
2926173_18SVK890205,2012/03/14,2012/04/16,26918,,NAD83 / UTM zone 18N,NJ,NAD83,201203_new_jersey_state_nj_0x3000m_utm_clr,18,DMC,Color,3,PHOTO_SCIENCE_INC,.3,METER,18svk890205,USGS,727505,39°56'28.71"N,75°07'11.93"W,39°56'53.00"N,75°07'43.57"W,39°56'53.07"N,75°06'40.35"W,39°56'04.42"N,75°06'40.28"W,39°56'04.35"N,75°07'43.48"W,39.9413083333333,-75.1199791666667,39.948055555555555,-75.128769444444444,39.948074999999996,-75.111208333333323,39.934561111111108,-75.11118888888889,39.934541666666661,-75.128744444444436,2926173_18SVK890205,2926173_18SVK890205,https://earthexplorer.usgs.gov/browse-link/3411/2926173_18SVK890205
2926174_18SVK890220,2012/03/14,2012/04/16,26918,,NAD83 / UTM zone 18N,NJ,NAD83,201203_new_jersey_state_nj_0x3000m_utm_clr,18,DMC,Color,3,PHOTO_SCIENCE_INC,.3,METER,18svk890220,USGS,727505,39°57'17.36"N,75°07'12.01"W,39°57'41.66"N,75°07'43.66"W,39°57'41.72"N,75°06'40.43"W,39°56'53.07"N,75°06'40.35"W,39°56'53.00"N,75°07'43.57"W,39.9548222222222,-75.1200013888889,39.961572222222223,-75.128794444444438,39.96158888888889,-75.111230555555551,39.948074999999996,-75.111208333333323,39.948055555555555,-75.128769444444444,2926174_18SVK890220,2926174_18SVK890220,https://earthexplorer.usgs.gov/browse-link/3411/2926174_18SVK890220
2926681_18SVK875235,2012/03/14,2012/04/16,26918,,NAD83 / UTM zone 18N,NJ,NAD83,201203_new_jersey_state_nj_0x3000m_utm_clr,18,DMC,Color,3,PHOTO_SCIENCE_INC,.3,METER,18svk875235,USGS,727505,39°58'05.95"N,75°08'15.33"W,39°58'30.24"N,75°08'46.99"W,39°58'30.31"N,75°07'43.75"W,39°57'41.66"N,75°07'43.66"W,39°57'41.58"N,75°08'46.89"W,39.9683180555556,-75.1375902777778,39.97506666666667,-75.146386111111113,39.975086111111111,-75.128819444444431,39.961572222222223,-75.128794444444438,39.961550000000003,-75.146358333333339,2926681_18SVK875235,2926681_18SVK875235,https://earthexplorer.usgs.gov/browse-link/3411/2926681_18SVK875235
2926682_18SVK875250,2012/03/14,2012/04/16,26918,,NAD83 / UTM zone 18N,NJ,NAD83,201203_new_jersey_state_nj_0x3000m_utm_clr,18,DMC,Color,3,PHOTO_SCIENCE_INC,.3,METER,18svk875250,USGS,727505,39°58'54.60"N,75°08'15.42"W,39°59'18.89"N,75°08'47.09"W,39°59'18.96"N,75°07'43.84"W,39°58'30.31"N,75°07'43.75"W,39°58'30.24"N,75°08'46.99"W,39.9818333333333,-75.1376166666667,39.988580555555558,-75.146413888888901,39.988599999999998,-75.128844444444439,39.975086111111111,-75.128819444444431,39.97506666666667,-75.146386111111113,2926682_18SVK875250,2926682_18SVK875250,https://earthexplorer.usgs.gov/browse-link/3411/2926682_18SVK875250
2926683_18SVK890235,2012/03/14,2012/04/16,26918,,NAD83 / UTM zone 18N,NJ,NAD83,201203_new_jersey_state_nj_0x3000m_utm_clr,18,DMC,Color,3,PHOTO_SCIENCE_INC,.3,METER,18svk890235,USGS,727505,39°58'06.02"N,75°07'12.09"W,39°58'30.31"N,75°07'43.75"W,39°58'30.38"N,75°06'40.51"W,39°57'41.72"N,75°06'40.43"W,39°57'41.66"N,75°07'43.66"W,39.9683388888889,-75.120025,39.975086111111111,-75.128819444444431,39.975105555555558,-75.111252777777779,39.96158888888889,-75.111230555555551,39.961572222222223,-75.128794444444438,2926683_18SVK890235,2926683_18SVK890235,https://earthexplorer.usgs.gov/browse-link/3411/2926683_18SVK890235
2926684_18SVK890250,2012/03/14,2012/04/16,26918,,NAD83 / UTM zone 18N,NJ,NAD83,201203_new_jersey_state_nj_0x3000m_utm_clr,18,DMC,Color,3,PHOTO_SCIENCE_INC,.3,METER,18svk890250,USGS,727505,39°58'54.67"N,75°07'12.17"W,39°59'18.96"N,75°07'43.84"W,39°59'19.03"N,75°06'40.59"W,39°58'30.38"N,75°06'40.51"W,39°58'30.31"N,75°07'43.75"W,39.9818527777778,-75.1200486111111,39.988599999999998,-75.128844444444439,39.988619444444446,-75.111274999999992,39.975105555555558,-75.111252777777779,39.975086111111111,-75.128819444444431,2926684_18SVK890250,2926684_18SVK890250,https://earthexplorer.usgs.gov/browse-link/3411/2926684_18SVK890250
2929693_18SVK860175,2012/03/14,2012/04/16,26918,,NAD83 / UTM zone 18N,NJ,NAD83,201203_new_jersey_state_nj_0x3000m_utm_clr,18,DMC,Color,3,PHOTO_SCIENCE_INC,.3,METER,18svk860175,USGS,727505,39°54'51.26"N,75°09'18.11"W,39°55'15.54"N,75°09'49.76"W,39°55'15.62"N,75°08'46.57"W,39°54'26.97"N,75°08'46.47"W,39°54'26.89"N,75°09'49.65"W,39.9142375,-75.1550319444444,39.920983333333332,-75.163822222222223,39.921005555555553,-75.146269444444457,39.907491666666665,-75.146241666666668,39.907469444444445,-75.163791666666668,2929693_18SVK860175,2929693_18SVK860175,https://earthexplorer.usgs.gov/browse-link/3411/2929693_18SVK860175
2931678_18SVK860220,2012/03/14,2012/04/16,26918,,NAD83 / UTM zone 18N,NJ,NAD83,201203_new_jersey_state_nj_0x3000m_utm_clr,18,DMC,Color,3,PHOTO_SCIENCE_INC,.3,METER,18svk860220,USGS,727505,39°57'17.21"N,75°09'18.44"W,39°57'41.50"N,75°09'50.11"W,39°57'41.58"N,75°08'46.89"W,39°56'52.93"N,75°08'46.78"W,39°56'52.85"N,75°09'50.00"W,39.9547819444444,-75.1551236111111,39.961527777777782,-75.163919444444446,39.961550000000003,-75.146358333333339,39.948036111111108,-75.146327777777785,39.948013888888887,-75.163888888888891,2931678_18SVK860220,2931678_18SVK860220,https://earthexplorer.usgs.gov/browse-link/3411/2931678_18SVK860220
2931679_18SVK860235,2012/03/14,2012/04/16,26918,,NAD83 / UTM zone 18N,NJ,NAD83,201203_new_jersey_state_nj_0x3000m_utm_clr,18,DMC,Color,3,PHOTO_SCIENCE_INC,.3,METER,18svk860235,USGS,727505,39°58'05.87"N,75°09'18.56"W,39°58'30.15"N,75°09'50.23"W,39°58'30.24"N,75°08'46.99"W,39°57'41.58"N,75°08'46.89"W,39°57'41.50"N,75°09'50.11"W,39.9682972222222,-75.1551555555556,39.975041666666669,-75.16395277777778,39.97506666666667,-75.146386111111113,39.961550000000003,-75.146358333333339,39.961527777777782,-75.163919444444446,2931679_18SVK860235,2931679_18SVK860235,https://earthexplorer.usgs.gov/browse-link/3411/2931679_18SVK860235
2932172_18SVK860205,2012/03/14,2012/04/16,26918,,NAD83 / UTM zone 18N,NJ,NAD83,201203_new_jersey_state_nj_0x3000m_utm_clr,18,DMC,Color,3,PHOTO_SCIENCE_INC,.3,METER,18svk860205,USGS,727505,39°56'28.56"N,75°09'18.34"W,39°56'52.85"N,75°09'50.00"W,39°56'52.93"N,75°08'46.78"W,39°56'04.28"N,75°08'46.68"W,39°56'04.19"N,75°09'49.88"W,39.9412666666667,-75.1550944444444,39.948013888888887,-75.163888888888891,39.948036111111108,-75.146327777777785,39.93452222222222,-75.146300000000011,39.93449722222222,-75.163855555555557,2932172_18SVK860205,2932172_18SVK860205,https://earthexplorer.usgs.gov/browse-link/3411/2932172_18SVK860205
2932173_18SVK875190,2012/03/14,2012/04/16,26918,,NAD83 / UTM zone 18N,NJ,NAD83,201203_new_jersey_state_nj_0x3000m_utm_clr,18,DMC,Color,3,PHOTO_SCIENCE_INC,.3,METER,18svk875190,USGS,727505,39°55'39.98"N,75°08'15.03"W,39°56'04.28"N,75°08'46.68"W,39°56'04.35"N,75°07'43.48"W,39°55'15.70"N,75°07'43.39"W,39°55'15.62"N,75°08'46.57"W,39.9277736111111,-75.1375097222222,39.93452222222222,-75.146300000000011,39.934541666666661,-75.128744444444436,39.921027777777773,-75.128719444444442,39.921005555555553,-75.146269444444457,2932173_18SVK875190,2932173_18SVK875190,https://earthexplorer.usgs.gov/browse-link/3411/2932173_18SVK875190
2932174_18SVK890190,2012/03/14,2012/04/16,26918,,NAD83 / UTM zone 18N,NJ,NAD83,201203_new_jersey_state_nj_0x3000m_utm_clr,18,DMC,Color,3,PHOTO_SCIENCE_INC,.3,METER,18svk890190,USGS,727505,39°55'40.06"N,75°07'11.84"W,39°56'04.35"N,75°07'43.48"W,39°56'04.42"N,75°06'40.28"W,39°55'15.76"N,75°06'40.20"W,39°55'15.70"N,75°07'43.39"W,39.9277944444444,-75.1199555555555,39.934541666666661,-75.128744444444436,39.934561111111108,-75.11118888888889,39.921044444444441,-75.111166666666662,39.921027777777773,-75.128719444444442,2932174_18SVK890190,2932174_18SVK890190,https://earthexplorer.usgs.gov/browse-link/3411/2932174_18SVK890190
1707211_PAX29Y073,2010/03/27,2010/04/22,2272,,NAD83 / Pennsylvania South (ftUS),PA,NAD83,201003_delaware_county_pa_1ft_sp_clr,3702,DMC,Color,3,AERO-METRIC_INC,1,FEET,pa_x29_y073,USGS,20141,39°55'11.12"N,75°14'18.80"W,39°55'37.32"N,75°15'13.99"W,39°55'34.86"N,75°13'21.79"W,39°54'44.93"N,75°13'23.64"W,39°54'47.38"N,75°15'15.82"W,39.9197565170236,-75.238556916011,39.927033323585277,-75.253886284824588,39.926350647498509,-75.222718275147997,39.912479710461959,-75.223233899380602,39.913162247422143,-75.254395556873931,1707211_PAX29Y073,1707211_PAX29Y073,https://earthexplorer.usgs.gov/browse-link/3411/1707211_PAX29Y073
1707212_PAX29Y074,2010/03/27,2010/04/22,2272,,NAD83 / Pennsylvania South (ftUS),PA,NAD83,201003_delaware_county_pa_1ft_sp_clr,3702,DMC,Color,3,AERO-METRIC_INC,1,FEET,pa_x29_y074,USGS,20141,39°56'01.06"N,75°14'16.96"W,39°56'27.26"N,75°15'12.16"W,39°56'24.80"N,75°13'19.93"W,39°55'34.86"N,75°13'21.79"W,39°55'37.32"N,75°15'13.99"W,39.9336275210759,-75.2380443626565,39.940904394653245,-75.253376804936337,39.940221579422818,-75.222202440488317,39.926350647498509,-75.222718275147997,39.927033323585277,-75.253886284824588,1707212_PAX29Y074,1707212_PAX29Y074,https://earthexplorer.usgs.gov/browse-link/3411/1707212_PAX29Y074
1707213_PAX29Y075,2010/03/27,2010/04/22,2272,,NAD83 / Pennsylvania South (ftUS),PA,NAD83,201003_delaware_county_pa_1ft_sp_clr,3702,DMC,Color,3,AERO-METRIC_INC,1,FEET,pa_x29_y075,USGS,20141,39°56'50.99"N,75°14'15.11"W,39°57'17.19"N,75°15'10.32"W,39°57'14.73"N,75°13'18.07"W,39°56'24.80"N,75°13'19.93"W,39°56'27.26"N,75°15'12.16"W,39.9474985196204,-75.2375316001046,39.954775459818052,-75.252867117081976,39.954092505426928,-75.221686395272783,39.940221579422818,-75.222202440488317,39.940904394653245,-75.253376804936337,1707213_PAX29Y075,1707213_PAX29Y075,https://earthexplorer.usgs.gov/browse-link/3411/1707213_PAX29Y075
1707214_PAX29Y076,2010/03/27,2010/04/22,2272,,NAD83 / Pennsylvania South (ftUS),PA,NAD83,201003_delaware_county_pa_1ft_sp_clr,3702,DMC,Color,3,AERO-METRIC_INC,1,FEET,pa_x29_y076,USGS,20141,39°57'40.93"N,75°14'13.27"W,39°58'07.13"N,75°15'08.49"W,39°58'04.67"N,75°13'16.21"W,39°57'14.73"N,75°13'18.07"W,39°57'17.19"N,75°15'10.32"W,39.9613695118493,-75.2370186282272,39.968646518271612,-75.252357221134147,39.967963424702717,-75.221170139372461,39.954092505426928,-75.221686395272783,39.954775459818052,-75.252867117081976,1707214_PAX29Y076,1707214_PAX29Y076,https://earthexplorer.usgs.gov/browse-link/3411/1707214_PAX29Y076
1707229_PAX29Y073,2010/03/27,2010/04/22,2272,,NAD83 / Pennsylvania South (ftUS),PA,NAD83,201003_philadelphia_county_pa_1ft_sp_clr,3702,DMC,Color,3,AERO-METRIC_INC,1,FEET,pa_x29_y073,USGS,16653,39°55'11.12"N,75°14'18.80"W,39°55'37.32"N,75°15'13.99"W,39°55'34.86"N,75°13'21.79"W,39°54'44.93"N,75°13'23.64"W,39°54'47.38"N,75°15'15.82"W,39.9197565170236,-75.238556916011,39.927033323585277,-75.253886284824588,39.926350647498509,-75.222718275147997,39.912479710461959,-75.223233899380602,39.913162247422143,-75.254395556873931,1707229_PAX29Y073,1707229_PAX29Y073,https://earthexplorer.usgs.gov/browse-link/3411/1707229_PAX29Y073
1707230_PAX29Y074,2010/03/27,2010/04/22,2272,,NAD83 / Pennsylvania South (ftUS),PA,NAD83,201003_philadelphia_county_pa_1ft_sp_clr,3702,DMC,Color,3,AERO-METRIC_INC,1,FEET,pa_x29_y074,USGS,16653,39°56'01.06"N,75°14'16.96"W,39°56'27.26"N,75°15'12.16"W,39°56'24.80"N,75°13'19.93"W,39°55'34.86"N,75°13'21.79"W,39°55'37.32"N,75°15'13.99"W,39.9336275210759,-75.2380443626565,39.940904394653245,-75.253376804936337,39.940221579422818,-75.222202440488317,39.926350647498509,-75.222718275147997,39.927033323585277,-75.253886284824588,1707230_PAX29Y074,1707230_PAX29Y074,https://earthexplorer.usgs.gov/browse-link/3411/1707230_PAX29Y074
1707231_PAX29Y075,2010/03/27,2010/04/22,2272,,NAD83 / Pennsylvania South (ftUS),PA,NAD83,201003_philadelphia_county_pa_1ft_sp_clr,3702,DMC,Color,3,AERO-METRIC_INC,1,FEET,pa_x29_y075,USGS,16653,39°56'50.99"N,75°14'15.11"W,39°57'17.19"N,75°15'10.32"W,39°57'14.73"N,75°13'18.07"W,39°56'24.80"N,75°13'19.93"W,39°56'27.26"N,75°15'12.16"W,39.9474985196204,-75.2375316001046,39.954775459818052,-75.252867117081976,39.954092505426928,-75.221686395272783,39.940221579422818,-75.222202440488317,39.940904394653245,-75.253376804936337,1707231_PAX29Y075,1707231_PAX29Y075,https://earthexplorer.usgs.gov/browse-link/3411/1707231_PAX29Y075
1707232_PAX29Y076,2010/03/27,2010/04/22,2272,,NAD83 / Pennsylvania South (ftUS),PA,NAD83,201003_philadelphia_county_pa_1ft_sp_clr,3702,DMC,Color,3,AERO-METRIC_INC,1,FEET,pa_x29_y076,USGS,16653,39°57'40.93"N,75°14'13.27"W,39°58'07.13"N,75°15'08.49"W,39°58'04.67"N,75°13'16.21"W,39°57'14.73"N,75°13'18.07"W,39°57'17.19"N,75°15'10.32"W,39.9613695118493,-75.2370186282272,39.968646518271612,-75.252357221134147,39.967963424702717,-75.221170139372461,39.954092505426928,-75.221686395272783,39.954775459818052,-75.252867117081976,1707232_PAX29Y076,1707232_PAX29Y076,https://earthexplorer.usgs.gov/browse-link/3411/1707232_PAX29Y076
1707233_PAX29Y077,2010/03/27,2010/04/22,2272,,NAD83 / Pennsylvania South (ftUS),PA,NAD83,201003_philadelphia_county_pa_1ft_sp_clr,3702,DMC,Color,3,AERO-METRIC_INC,1,FEET,pa_x29_y077,USGS,16653,39°58'30.87"N,75°14'11.42"W,39°58'57.06"N,75°15'06.65"W,39°58'54.60"N,75°13'14.35"W,39°58'04.67"N,75°13'16.21"W,39°58'07.13"N,75°15'08.49"W,39.9752404969542,-75.2365054468962,39.982517569205655,-75.251847116965436,39.981834336441949,-75.220653672658344,39.967963424702717,-75.221170139372461,39.968646518271612,-75.252357221134147,1707233_PAX29Y077,1707233_PAX29Y077,https://earthexplorer.usgs.gov/browse-link/3411/1707233_PAX29Y077
1707234_PAX29Y078,2010/03/27,2010/04/22,2272,,NAD83 / Pennsylvania South (ftUS),PA,NAD83,201003_philadelphia_county_pa_1ft_sp_clr,3702,DMC,Color,3,AERO-METRIC_INC,1,FEET,pa_x29_y078,USGS,16653,39°59'20.80"N,75°14'09.57"W,39°59'47.00"N,75°15'04.81"W,39°59'44.54"N,75°13'12.49"W,39°58'54.60"N,75°13'14.35"W,39°58'57.06"N,75°15'06.65"W,39.9891114741269,-75.2359920559834,39.99638861181176,-75.2513368044483,39.99570523983617,-75.220136995001312,39.981834336441949,-75.220653672658344,39.982517569205655,-75.251847116965436,1707234_PAX29Y078,1707234_PAX29Y078,https://earthexplorer.usgs.gov/browse-link/3411/1707234_PAX29Y078
1707235_PAX29Y079,2010/03/27,2010/04/22,2272,,NAD83 / Pennsylvania South (ftUS),PA,NAD83,201003_philadelphia_county_pa_1ft_sp_clr,3702,DMC,Color,3,AERO-METRIC_INC,1,FEET,pa_x29_y079,USGS,16653,40°00'10.74"N,75°14'07.72"W,40°00'36.93"N,75°15'02.97"W,40°00'34.47"N,75°13'10.63"W,39°59'44.54"N,75°13'12.49"W,39°59'47.00"N,75°15'04.81"W,40.0029824425588,-75.2354784553602,40.010259645281366,-75.250826283455112,40.009576134076809,-75.219620106272146,39.99570523983617,-75.220136995001312,39.99638861181176,-75.2513368044483,1707235_PAX29Y079,1707235_PAX29Y079,https://earthexplorer.usgs.gov/browse-link/3411/1707235_PAX29Y079
1707246_PAX30Y073,2010/03/27,2010/04/22,2272,,NAD83 / Pennsylvania South (ftUS),PA,NAD83,201003_philadelphia_county_pa_1ft_sp_clr,3702,DMC,Color,3,AERO-METRIC_INC,1,FEET,pa_x30_y073,USGS,16653,39°55'08.65"N,75°12'26.61"W,39°55'34.86"N,75°13'21.79"W,39°55'32.37"N,75°11'29.58"W,39°54'42.44"N,75°11'31.46"W,39°54'44.93"N,75°13'23.64"W,39.9190696768538,-75.2073923973087,39.926350647498509,-75.222718275147997,39.925659502394033,-75.191550895236844,39.911788706209151,-75.192072871267541,39.912479710461959,-75.223233899380602,1707246_PAX30Y073,1707246_PAX30Y073,https://earthexplorer.usgs.gov/browse-link/3411/1707246_PAX30Y073
1707247_PAX30Y074,2010/03/27,2010/04/22,2272,,NAD83 / Pennsylvania South (ftUS),PA,NAD83,201003_philadelphia_county_pa_1ft_sp_clr,3702,DMC,Color,3,AERO-METRIC_INC,1,FEET,pa_x30_y074,USGS,16653,39°55'58.59"N,75°12'24.74"W,39°56'24.80"N,75°13'19.93"W,39°56'22.31"N,75°11'27.70"W,39°55'32.37"N,75°11'29.58"W,39°55'34.86"N,75°13'21.79"W,39.9329405409084,-75.2068734906696,39.940221579422818,-75.222202440488317,39.939530293449387,-75.191028706191233,39.925659502394033,-75.191550895236844,39.926350647498509,-75.222718275147997,1707247_PAX30Y074,1707247_PAX30Y074,https://earthexplorer.usgs.gov/browse-link/3411/1707247_PAX30Y074
1707248_PAX30Y075,2010/03/27,2010/04/22,2272,,NAD83 / Pennsylvania South (ftUS),PA,NAD83,201003_philadelphia_county_pa_1ft_sp_clr,3702,DMC,Color,3,AERO-METRIC_INC,1,FEET,pa_x30_y075,USGS,16653,39°56'48.52"N,75°12'22.88"W,39°57'14.73"N,75°13'18.07"W,39°57'12.24"N,75°11'25.82"W,39°56'22.31"N,75°11'27.70"W,39°56'24.80"N,75°13'19.93"W,39.9468113994382,-75.2063543722443,39.954092505426928,-75.221686395272783,39.953401078567282,-75.190506304000323,39.939530293449387,-75.191028706191233,39.940221579422818,-75.222202440488317,1707248_PAX30Y075,1707248_PAX30Y075,https://earthexplorer.usgs.gov/browse-link/3411/1707248_PAX30Y075
1707249_PAX30Y076,2010/03/27,2010/04/22,2272,,NAD83 / Pennsylvania South (ftUS),PA,NAD83,201003_philadelphia_county_pa_1ft_sp_clr,3702,DMC,Color,3,AERO-METRIC_INC,1,FEET,pa_x30_y076,USGS,16653,39°57'38.46"N,75°12'21.01"W,39°58'04.67"N,75°13'16.21"W,39°58'02.18"N,75°11'23.94"W,39°57'12.24"N,75°11'25.82"W,39°57'14.73"N,75°13'18.07"W,39.960682251635,-75.2058350419032,39.967963424702717,-75.221170139372461,39.96727185693959,-75.189983688533601,39.953401078567282,-75.190506304000323,39.954092505426928,-75.221686395272783,1707249_PAX30Y076,1707249_PAX30Y076,https://earthexplorer.usgs.gov/browse-link/3411/1707249_PAX30Y076
1707250_PAX30Y077,2010/03/27,2010/04/22,2272,,NAD83 / Pennsylvania South (ftUS),PA,NAD83,201003_philadelphia_county_pa_1ft_sp_clr,3702,DMC,Color,3,AERO-METRIC_INC,1,FEET,pa_x30_y077,USGS,16653,39°58'28.39"N,75°12'19.14"W,39°58'54.60"N,75°13'14.35"W,39°58'52.11"N,75°11'22.06"W,39°58'02.18"N,75°11'23.94"W,39°58'04.67"N,75°13'16.21"W,39.9745530966908,-75.2053154995165,39.981834336441949,-75.220653672658344,39.98114262775804,-75.189460859660528,39.96727185693959,-75.189983688533601,39.967963424702717,-75.221170139372461,1707250_PAX30Y077,1707250_PAX30Y077,https://earthexplorer.usgs.gov/browse-link/3411/1707250_PAX30Y077
1707251_PAX30Y078,2010/03/27,2010/04/22,2272,,NAD83 / Pennsylvania South (ftUS),PA,NAD83,201003_philadelphia_county_pa_1ft_sp_clr,3702,DMC,Color,3,AERO-METRIC_INC,1,FEET,pa_x30_y078,USGS,16653,39°59'18.33"N,75°12'17.26"W,39°59'44.54"N,75°13'12.49"W,39°59'42.05"N,75°11'20.18"W,39°58'52.11"N,75°11'22.06"W,39°58'54.60"N,75°13'14.35"W,39.9884239337971,-75.2047957449543,39.99570523983617,-75.220136995001312,39.995013390214226,-75.188937817250348,39.98114262775804,-75.189460859660528,39.981834336441949,-75.220653672658344,1707251_PAX30Y078,1707251_PAX30Y078,https://earthexplorer.usgs.gov/browse-link/3411/1707251_PAX30Y078
1707262_PAX31Y073,2010/03/27,2010/04/22,2272,,NAD83 / Pennsylvania South (ftUS),PA,NAD83,201003_philadelphia_county_pa_1ft_sp_clr,3702,DMC,Color,3,AERO-METRIC_INC,1,FEET,pa_x31_y073,USGS,16653,39°55'06.15"N,75°10'34.42"W,39°55'32.37"N,75°11'29.58"W,39°55'29.86"N,75°09'37.38"W,39°54'39.92"N,75°09'39.28"W,39°54'42.44"N,75°11'31.46"W,39.9183743686579,-75.1762285120518,39.925659502394033,-75.191550895236844,39.924959888529933,-75.160384152836045,39.911089234921754,-75.160912480274945,39.911788706209151,-75.192072871267541,1707262_PAX31Y073,1707262_PAX31Y073,https://earthexplorer.usgs.gov/browse-link/3411/1707262_PAX31Y073
1707263_PAX31Y074,2010/03/27,2010/04/22,2272,,NAD83 / Pennsylvania South (ftUS),PA,NAD83,201003_philadelphia_county_pa_1ft_sp_clr,3702,DMC,Color,3,AERO-METRIC_INC,1,FEET,pa_x31_y074,USGS,16653,39°55'56.08"N,75°10'32.53"W,39°56'22.31"N,75°11'27.70"W,39°56'19.79"N,75°09'35.48"W,39°55'29.86"N,75°09'37.38"W,39°55'32.37"N,75°11'29.58"W,39.9322450909897,-75.1757032525158,39.939530293449387,-75.191028706191233,39.938830536991134,-75.159855609794704,39.924959888529933,-75.160384152836045,39.925659502394033,-75.191550895236844,1707263_PAX31Y074,1707263_PAX31Y074,https://earthexplorer.usgs.gov/browse-link/3411/1707263_PAX31Y074
1707264_PAX31Y075,2010/03/27,2010/04/22,2272,,NAD83 / Pennsylvania South (ftUS),PA,NAD83,201003_philadelphia_county_pa_1ft_sp_clr,3702,DMC,Color,3,AERO-METRIC_INC,1,FEET,pa_x31_y075,USGS,16653,39°56'46.02"N,75°10'30.64"W,39°57'12.24"N,75°11'25.82"W,39°57'09.72"N,75°09'33.58"W,39°56'19.79"N,75°09'35.48"W,39°56'22.31"N,75°11'27.70"W,39.9461158077792,-75.1751777786051,39.953401078567282,-75.190506304000323,39.95270117949736,-75.159326851018946,39.938830536991134,-75.159855609794704,39.939530293449387,-75.191028706191233,1707264_PAX31Y075,1707264_PAX31Y075,https://earthexplorer.usgs.gov/browse-link/3411/1707264_PAX31Y075
1707265_PAX31Y076,2010/03/27,2010/04/22,2272,,NAD83 / Pennsylvania South (ftUS),PA,NAD83,201003_philadelphia_county_pa_1ft_sp_clr,3702,DMC,Color,3,AERO-METRIC_INC,1,FEET,pa_x31_y076,USGS,16653,39°57'35.95"N,75°10'28.75"W,39°58'02.18"N,75°11'23.94"W,39°57'59.66"N,75°09'31.67"W,39°57'09.72"N,75°09'33.58"W,39°57'12.24"N,75°11'25.82"W,39.9599865182185,-75.1746520901885,39.96727185693959,-75.189983688533601,39.966571815240542,-75.158797876376724,39.95270117949736,-75.159326851018946,39.953401078567282,-75.190506304000323,1707265_PAX31Y076,1707265_PAX31Y076,https://earthexplorer.usgs.gov/browse-link/3411/1707265_PAX31Y076
1707266_PAX31Y077,2010/03/27,2010/04/22,2272,,NAD83 / Pennsylvania South (ftUS),PA,NAD83,201003_philadelphia_county_pa_1ft_sp_clr,3702,DMC,Color,3,AERO-METRIC_INC,1,FEET,pa_x31_y077,USGS,16653,39°58'25.89"N,75°10'26.85"W,39°58'52.11"N,75°11'22.06"W,39°58'49.59"N,75°09'29.77"W,39°57'59.66"N,75°09'31.67"W,39°58'02.18"N,75°11'23.94"W,39.9738572214993,-75.1741261871347,39.98114262775804,-75.189460859660528,39.980442443412386,-75.158268685735848,39.966571815240542,-75.158797876376724,39.96727185693959,-75.189983688533601,1707266_PAX31Y077,1707266_PAX31Y077,https://earthexplorer.usgs.gov/browse-link/3411/1707266_PAX31Y077
1707267_PAX31Y078,2010/03/27,2010/04/22,2272,,NAD83 / Pennsylvania South (ftUS),PA,NAD83,201003_philadelphia_county_pa_1ft_sp_clr,3702,DMC,Color,3,AERO-METRIC_INC,1,FEET,pa_x31_y078,USGS,16653,39°59'15.82"N,75°10'24.96"W,39°59'42.05"N,75°11'20.18"W,39°59'39.53"N,75°09'27.86"W,39°58'49.59"N,75°09'29.77"W,39°58'52.11"N,75°11'22.06"W,39.9877279168133,-75.1736000693123,39.995013390214226,-75.188937817250348,39.994313063204451,-75.157739278964016,39.980442443412386,-75.158268685735848,39.98114262775804,-75.189460859660528,1707267_PAX31Y078,1707267_PAX31Y078,https://earthexplorer.usgs.gov/browse-link/3411/1707267_PAX31Y078
1707278_PAX32Y073,2010/03/27,2010/04/22,2272,,NAD83 / Pennsylvania South (ftUS),PA,NAD83,201003_philadelphia_county_pa_1ft_sp_clr,3702,DMC,Color,3,AERO-METRIC_INC,1,FEET,pa_x32_y073,USGS,16653,39°55'03.61"N,75°08'42.23"W,39°55'29.86"N,75°09'37.38"W,39°55'27.31"N,75°07'45.19"W,39°54'37.37"N,75°07'47.11"W,39°54'39.92"N,75°09'39.28"W,39.9176705926954,-75.1450652679822,39.924959888529933,-75.160384152836045,39.924251806167511,-75.129218055689549,39.910381296860947,-75.129752734142031,39.911089234921754,-75.160912480274945,1707278_PAX32Y073,1707278_PAX32Y073,https://earthexplorer.usgs.gov/browse-link/3411/1707278_PAX32Y073
1707279_PAX32Y074,2010/03/27,2010/04/22,2272,,NAD83 / Pennsylvania South (ftUS),PA,NAD83,201003_philadelphia_county_pa_1ft_sp_clr,3702,DMC,Color,3,AERO-METRIC_INC,1,FEET,pa_x32_y074,USGS,16653,39°55'53.55"N,75°08'40.32"W,39°56'19.79"N,75°09'35.48"W,39°56'17.24"N,75°07'43.26"W,39°55'27.31"N,75°07'45.19"W,39°55'29.86"N,75°09'37.38"W,39.9315411715793,-75.1445336559417,39.938830536991134,-75.159855609794704,39.938122310309389,-75.128683159047426,39.924251806167511,-75.129218055689549,39.924959888529933,-75.160384152836045,1707279_PAX32Y074,1707279_PAX32Y074,https://earthexplorer.usgs.gov/browse-link/3411/1707279_PAX32Y074
1707280_PAX32Y075,2010/03/27,2010/04/22,2272,,NAD83 / Pennsylvania South (ftUS),PA,NAD83,201003_philadelphia_county_pa_1ft_sp_clr,3702,DMC,Color,3,AERO-METRIC_INC,1,FEET,pa_x32_y075,USGS,16653,39°56'43.48"N,75°08'38.41"W,39°57'09.72"N,75°09'33.58"W,39°57'07.17"N,75°07'41.33"W,39°56'17.24"N,75°07'43.26"W,39°56'19.79"N,75°09'35.48"W,39.9454117449034,-75.1440018269384,39.95270117949736,-75.159326851018946,39.951992808478643,-75.12814804408211,39.938122310309389,-75.128683159047426,39.938830536991134,-75.159855609794704,1707280_PAX32Y075,1707280_PAX32Y075,https://earthexplorer.usgs.gov/browse-link/3411/1707280_PAX32Y075
1707281_PAX32Y076,2010/03/27,2010/04/22,2272,,NAD83 / Pennsylvania South (ftUS),PA,NAD83,201003_philadelphia_county_pa_1ft_sp_clr,3702,DMC,Color,3,AERO-METRIC_INC,1,FEET,pa_x32_y076,USGS,16653,39°57'33.42"N,75°08'36.49"W,39°57'59.66"N,75°09'31.67"W,39°57'57.11"N,75°07'39.41"W,39°57'07.17"N,75°07'41.33"W,39°57'09.72"N,75°09'33.58"W,39.9592823118596,-75.1434697808394,39.966571815240542,-75.158797876376724,39.965863299867124,-75.127612710659946,39.951992808478643,-75.12814804408211,39.95270117949736,-75.159326851018946,1707281_PAX32Y076,1707281_PAX32Y076,https://earthexplorer.usgs.gov/browse-link/3411/1707281_PAX32Y076
